subject,d_alpha_Tv,d_alpha_Ts,delta_d
1,4.875986093449853,1.9927706131888194,-2.883215480261034
2,4.8268948516181895,1.989976377865645,-2.8369184737525446
3,4.625644120435818,1.955981950088607,-2.6696621703472108
4,5.137638482940082,2.0056356567107714,-3.1320028262293103
5,4.973278224091346,1.9966278726612383,-2.9766503514301075
